{"transform": [-119.84692459890448, 0.01112502518352211, 0.0, 39.05650653897244, 0.0, -0.008698151665438582], "shape": [45, 48], "start_day": "20200706", "num_days": 9}