{"transform": [-119.66336168337637, 0.01112502518352211, 0.0, 38.9129870364927, 0.0, -0.008698151665438582], "shape": [12, 15], "start_day": "20200706", "num_days": 9}