{"transform": [-115.66238461344005, 0.010702045432825139, 0.0, 36.1146202393103, 0.0, -0.008702451144114437], "shape": [39, 39], "start_day": "20200719", "num_days": 4}