{"transform": [-115.48044984108203, 0.010702045432825139, 0.0, 35.97102979543241, 0.0, -0.008702451144114437], "shape": [6, 5], "start_day": "20200719", "num_days": 4}