{"transform": [-164.54714964795392, 0.018208618064849212, 0.0, 61.70504766143534, 0.0, -0.008664844874737914], "shape": [17, 14], "start_day": "20200531", "num_days": 16}