{"transform": [-116.26605322769633, 0.012185085196353779, 0.0, 44.72201627972203, 0.0, -0.00868928614799286], "shape": [3, 2], "start_day": "20201103", "num_days": 5}