{"transform": [-116.47319967603435, 0.012185085196353779, 0.0, 44.86538950116391, 0.0, -0.00868928614799286], "shape": [36, 36], "start_day": "20201103", "num_days": 5}