{"transform": [-84.89223555581026, 0.010031467846734426, 0.0, 30.27025184791908, 0.0, -0.00871042385475407], "shape": [8, 9], "start_day": "20200325", "num_days": 7}