{"transform": [-85.05775477528138, 0.010031467846734426, 0.0, 30.413973841522523, 0.0, -0.00871042385475407], "shape": [41, 42], "start_day": "20200325", "num_days": 7}