{"transform": [-111.82648377938263, 0.010441581520412342, 0.0, 33.96258100588662, 0.0, -0.008705364524829614], "shape": [11, 13], "start_day": "20200924", "num_days": 6}