{"transform": [-112.00399066522964, 0.010441581520412342, 0.0, 34.106219520546304, 0.0, -0.008705364524829614], "shape": [44, 47], "start_day": "20200924", "num_days": 6}