{"transform": [-120.53045299293382, 0.012044660973549635, 0.0, 44.053797733912894, 0.0, -0.008690326804281102], "shape": [6, 5], "start_day": "20200818", "num_days": 7}