{"transform": [-120.72918989899739, 0.012044660973549635, 0.0, 44.20153328958567, 0.0, -0.008690326804281102], "shape": [40, 38], "start_day": "20200818", "num_days": 7}