{"transform": [-115.38119193017462, 0.011909450495693162, 0.0, 43.504650861772795, 0.0, -0.008691364015152211], "shape": [36, 35], "start_day": "20201104", "num_days": 3}