{"transform": [-115.18468599699568, 0.011909450495693162, 0.0, 43.36124335552279, 0.0, -0.008691364015152211], "shape": [3, 2], "start_day": "20201104", "num_days": 3}