{"transform": [-113.07030657676465, 0.011986177281038771, 0.0, 43.78018606902863, 0.0, -0.008690771105714002], "shape": [10, 9], "start_day": "20200701", "num_days": 5}