{"transform": [-113.26807850190178, 0.011986177281038771, 0.0, 43.923583792272915, 0.0, -0.008690771105714002], "shape": [43, 42], "start_day": "20200701", "num_days": 5}