{"transform": [-150.8728068720152, 0.02144842201521474, 0.0, 66.22923893321321, 0.0, -0.008659324808786832], "shape": [3, 2], "start_day": "20200604", "num_days": 7}