{"transform": [-118.71471902379395, 0.010922063793965936, 0.0, 37.52282412146018, 0.0, -0.0087001519601316], "shape": [2, 2], "start_day": "20200721", "num_days": 4}