{"transform": [-118.89493307639438, 0.010922063793965936, 0.0, 37.67072670478242, 0.0, -0.0087001519601316], "shape": [36, 35], "start_day": "20200721", "num_days": 4}