{"transform": [-119.71829065785026, 0.010938942608841462, 0.0, 37.78186540868489, 0.0, -0.00869998132484684], "shape": [35, 34], "start_day": "20200824", "num_days": 20}