{"transform": [-119.53779810480438, 0.010938942608841462, 0.0, 37.633965726162494, 0.0, -0.00869998132484684], "shape": [1, 1], "start_day": "20200824", "num_days": 20}