{"transform": [-111.7325947270168, 0.010459735516845437, 0.0, 34.07171082483071, 0.0, -0.008705154330661057], "shape": [2, 2], "start_day": "20200820", "num_days": 3}