{"transform": [-111.90518036304475, 0.010459735516845437, 0.0, 34.21969844845194, 0.0, -0.008705154330661057], "shape": [36, 35], "start_day": "20200820", "num_days": 3}