{"transform": [-109.19087274594563, 0.010189815555901519, 0.0, 31.771793241305367, 0.0, -0.008708397326328948], "shape": [8, 7], "start_day": "20200810", "num_days": 8}