{"transform": [-109.359004702618, 0.010189815555901519, 0.0, 31.915481797189795, 0.0, -0.008708397326328948], "shape": [41, 40], "start_day": "20200810", "num_days": 8}