{"transform": [-115.30602281873117, 0.012553293742226454, 0.0, 46.544007572531335, 0.0, -0.008686722223960644], "shape": [36, 37], "start_day": "20200827", "num_days": 24}