{"transform": [-115.09261682511332, 0.012553293742226454, 0.0, 46.39633329472401, 0.0, -0.008686722223960644], "shape": [2, 3], "start_day": "20200827", "num_days": 24}