{"transform": [-122.20633173386264, 0.012453485986923377, 0.0, 46.00360410436661, 0.0, -0.008687394671775029], "shape": [13, 21], "start_day": "20200907", "num_days": 16}