{"transform": [-122.41804099564034, 0.012453485986923377, 0.0, 46.1469461164509, 0.0, -0.008687394671775029], "shape": [46, 55], "start_day": "20200907", "num_days": 16}