{"transform": [-105.5792415197743, 0.011333221881493723, 0.0, 40.33252143802402, 0.0, -0.008696211147510213], "shape": [41, 46], "start_day": "20201016", "num_days": 6}