{"transform": [-105.39224335872966, 0.011333221881493723, 0.0, 40.1890339540901, 0.0, -0.008696211147510213], "shape": [8, 13], "start_day": "20201016", "num_days": 6}