{"transform": [-111.3836233505616, 0.010378225320202038, 0.0, 33.458079754543185, 0.0, -0.008706106817890828], "shape": [16, 16], "start_day": "20200530", "num_days": 6}