{"transform": [-111.56005318100503, 0.010378225320202038, 0.0, 33.60608357044733, 0.0, -0.008706106817890828], "shape": [50, 50], "start_day": "20200530", "num_days": 6}