{"transform": [-124.07728048705808, 0.012042575836560696, 0.0, 44.17385305859865, 0.0, -0.008690342533255792], "shape": [36, 36], "start_day": "20200829", "num_days": 5}