{"transform": [-123.87857798575483, 0.012042575836560696, 0.0, 44.030462406799934, 0.0, -0.008690342533255792], "shape": [3, 3], "start_day": "20200829", "num_days": 5}