{"transform": [-94.45939300538163, 0.01056778988166684, 0.0, 34.936964266599695, 0.0, -0.008703925733076573], "shape": [3, 2], "start_day": "20201226", "num_days": 4}