{"transform": [-94.63376153842914, 0.01056778988166684, 0.0, 35.080579041195456, 0.0, -0.008703925733076573], "shape": [36, 35], "start_day": "20201226", "num_days": 4}