{"transform": [-116.32842989343233, 0.013044147304224396, 0.0, 48.57920088153874, 0.0, -0.008683637765194683], "shape": [38, 39], "start_day": "20200908", "num_days": 11}