{"transform": [-116.10667938926052, 0.013044147304224396, 0.0, 48.43157903953043, 0.0, -0.008683637765194683], "shape": [4, 5], "start_day": "20200908", "num_days": 11}