{"transform": [-117.03108684408303, 0.010462106011869964, 0.0, 34.16498942467221, 0.0, -0.008705126965490343], "shape": [19, 14], "start_day": "20200904", "num_days": 31}