{"transform": [-117.2037115932789, 0.010462106011869964, 0.0, 34.31297658308554, 0.0, -0.008705126965490343], "shape": [53, 47], "start_day": "20200904", "num_days": 31}