{"transform": [-102.17571278695092, 0.010859480768627977, 0.0, 37.23230363434332, 0.0, -0.008700791648185525], "shape": [35, 35], "start_day": "20200716", "num_days": 3}