{"transform": [-101.99110161388425, 0.010859480768627977, 0.0, 37.08874057214826, 0.0, -0.008700791648185525], "shape": [2, 1], "start_day": "20200716", "num_days": 3}