{"transform": [-157.2275947755106, 0.017897669456475817, 0.0, 61.160973400784414, 0.0, -0.008665538035545792], "shape": [16, 11], "start_day": "20200609", "num_days": 11}