{"transform": [-107.78394318683546, 0.010965747556979072, 0.0, 37.82037678047089, 0.0, -0.008699711970838088], "shape": [2, 3], "start_day": "20201018", "num_days": 6}