{"transform": [-107.9703608953041, 0.010965747556979072, 0.0, 37.96392202798971, 0.0, -0.008699711970838088], "shape": [35, 37], "start_day": "20201018", "num_days": 6}