{"transform": [-116.95284608499007, 0.010302193313337897, 0.0, 32.93410669644187, 0.0, -0.008707015908525951], "shape": [45, 51], "start_day": "20200905", "num_days": 8}