{"transform": [-116.77770879866333, 0.010302193313337897, 0.0, 32.78608742599693, 0.0, -0.008707015908525951], "shape": [11, 17], "start_day": "20200905", "num_days": 8}