{"transform": [-85.13567402701533, 0.010030383167519969, 0.0, 30.381512287279197, 0.0, -0.00871043807106379], "shape": [36, 36], "start_day": "20200603", "num_days": 3}