{"transform": [-84.97017270475125, 0.010030383167519969, 0.0, 30.233434840071112, 0.0, -0.00871043807106379], "shape": [2, 3], "start_day": "20200603", "num_days": 3}