{"transform": [-113.64445173090354, 0.012860452903573802, 0.0, 47.69027629608284, 0.0, -0.0086847505827892], "shape": [2, 2], "start_day": "20200816", "num_days": 9}