{"transform": [-113.85664920381251, 0.012860452903573802, 0.0, 47.83357468069887, 0.0, -0.0086847505827892], "shape": [35, 35], "start_day": "20200816", "num_days": 9}