{"transform": [-120.73307286320477, 0.012939418481923705, 0.0, 48.017490520243754, 0.0, -0.008684266371851317], "shape": [4, 5], "start_day": "20200730", "num_days": 51}