{"transform": [-120.95304297739746, 0.012939418481923705, 0.0, 48.1607809153793, 0.0, -0.008684266371851317], "shape": [37, 39], "start_day": "20200730", "num_days": 51}