{"transform": [-117.90129338880932, 0.010473771309381852, 0.0, 34.18563107507313, 0.0, -0.008704992573088675], "shape": [2, 2], "start_day": "20200729", "num_days": 4}