{"transform": [-118.07411061541413, 0.010473771309381852, 0.0, 34.3292634525291, 0.0, -0.008704992573088675], "shape": [35, 35], "start_day": "20200729", "num_days": 4}