{"transform": [-117.93601244408065, 0.01047591983227352, 0.0, 34.22912775897975, 0.0, -0.008704967869922002], "shape": [8, 5], "start_day": "20200813", "num_days": 9}