{"transform": [-118.10886512131316, 0.01047591983227352, 0.0, 34.37275972883346, 0.0, -0.008704967869922002], "shape": [41, 38], "start_day": "20200813", "num_days": 9}