{"transform": [-111.76457463212786, 0.01141989325579966, 0.0, 40.67762354713343, 0.0, -0.008695434633374929], "shape": [2, 1], "start_day": "20200922", "num_days": 3}