{"transform": [-111.95871281747645, 0.01141989325579966, 0.0, 40.82109821858412, 0.0, -0.008695434633374929], "shape": [35, 35], "start_day": "20200922", "num_days": 3}