{"transform": [-105.48986720620734, 0.011318712853674848, 0.0, 40.07547123189562, 0.0, -0.008696342895572777], "shape": [2, 4], "start_day": "20201018", "num_days": 4}