{"transform": [-105.67662596829298, 0.011318712853674848, 0.0, 40.218960889672566, 0.0, -0.008696342895572777], "shape": [35, 37], "start_day": "20201018", "num_days": 4}