{"transform": [-121.282359353402, 0.01160489652115852, 0.0, 41.88561504794303, 0.0, -0.008693835321242597], "shape": [37, 38], "start_day": "20200722", "num_days": 6}