{"transform": [-121.0850761125423, 0.01160489652115852, 0.0, 41.7378198474819, 0.0, -0.008693835321242597], "shape": [3, 4], "start_day": "20200722", "num_days": 6}