{"transform": [-113.47787264356724, 0.012224180856502476, 0.0, 44.93786732758475, 0.0, -0.008689002816937744], "shape": [10, 13], "start_day": "20200810", "num_days": 30}