{"transform": [-113.68568371812778, 0.012224180856502476, 0.0, 45.08123587406422, 0.0, -0.008689002816937744], "shape": [43, 47], "start_day": "20200810", "num_days": 30}