{"transform": [-120.92362962605569, 0.011487273321653517, 0.0, 41.125245008032984, 0.0, -0.008694843137725986], "shape": [15, 19], "start_day": "20200719", "num_days": 12}