{"transform": [-121.11316963586297, 0.011487273321653517, 0.0, 41.26870991980547, 0.0, -0.008694843137725986], "shape": [48, 52], "start_day": "20200719", "num_days": 12}