{"transform": [-112.14751251467086, 0.011875449209766431, 0.0, 43.32996209338316, 0.0, -0.008691630465728711], "shape": [36, 35], "start_day": "20200824", "num_days": 3}