{"transform": [-111.95156760270972, 0.011875449209766431, 0.0, 43.182204375465766, 0.0, -0.008691630465728711], "shape": [2, 2], "start_day": "20200824", "num_days": 3}