{"transform": [-113.61616492161131, 0.010896934634935199, 0.0, 37.49320236944697, 0.0, -0.008700407482681785], "shape": [35, 35], "start_day": "20201102", "num_days": 6}