{"transform": [-113.43091703281742, 0.010896934634935199, 0.0, 37.349645645982726, 0.0, -0.008700407482681785], "shape": [2, 1], "start_day": "20201102", "num_days": 6}