{"transform": [-111.89925524474232, 0.011369478099562498, 0.0, 40.52769709356292, 0.0, -0.008695884142380442], "shape": [36, 35], "start_day": "20200912", "num_days": 3}