{"transform": [-111.70597411704976, 0.011369478099562498, 0.0, 40.379867063142456, 0.0, -0.008695884142380442], "shape": [2, 1], "start_day": "20200912", "num_days": 3}