{"transform": [-116.40255195560042, 0.012162764100445528, 0.0, 44.6109860331454, 0.0, -0.008689449145358779], "shape": [2, 2], "start_day": "20200731", "num_days": 3}