{"transform": [-116.60931894530798, 0.012162764100445528, 0.0, 44.75436194404382, 0.0, -0.008689449145358779], "shape": [35, 36], "start_day": "20200731", "num_days": 3}