{"transform": [-116.42627867873256, 0.012306003732583207, 0.0, 45.28548069110108, 0.0, -0.008688418601032154], "shape": [2, 2], "start_day": "20201104", "num_days": 3}