{"transform": [-116.62932774032018, 0.012306003732583207, 0.0, 45.42883959801811, 0.0, -0.008688418601032154], "shape": [35, 35], "start_day": "20201104", "num_days": 3}