{"transform": [-86.09893120704514, 0.01035236454517453, 0.0, 33.17831822676243, 0.0, -0.008706413762384773], "shape": [2, 2], "start_day": "20200506", "num_days": 3}