{"transform": [-86.26974522204053, 0.01035236454517453, 0.0, 33.32197405384178, 0.0, -0.008706413762384773], "shape": [35, 35], "start_day": "20200506", "num_days": 3}