{"transform": [-114.61946934484105, 0.012582952736427339, 0.0, 46.53829836123118, 0.0, -0.008686525492454852], "shape": [5, 5], "start_day": "20200828", "num_days": 23}