{"transform": [-114.83337954136032, 0.012582952736427339, 0.0, 46.68162603185668, 0.0, -0.008686525492454852], "shape": [38, 39], "start_day": "20200828", "num_days": 23}