{"transform": [-114.73583706460347, 0.01120296754613566, 0.0, 39.51577507148483, 0.0, -0.008697412431609876], "shape": [37, 37], "start_day": "20200511", "num_days": 4}