{"transform": [-114.55098810009223, 0.01120296754613566, 0.0, 39.372267766363265, 0.0, -0.008697412431609876], "shape": [4, 4], "start_day": "20200511", "num_days": 4}