{"transform": [-147.85115240070286, 0.020465881405772546, 0.0, 65.00107266992202, 0.0, -0.008660724843931968], "shape": [1, 1], "start_day": "20200612", "num_days": 3}