{"transform": [-115.7378618185737, 0.012204374247722456, 0.0, 45.00923916337544, 0.0, -0.008689146015642121], "shape": [48, 45], "start_day": "20200828", "num_days": 29}