{"transform": [-115.53038745636242, 0.012204374247722456, 0.0, 44.865868254117345, 0.0, -0.008689146015642121], "shape": [15, 11], "start_day": "20200828", "num_days": 29}