{"transform": [-107.48046077078307, 0.011243097638553863, 0.0, 39.817657382193936, 0.0, -0.008697037844648358], "shape": [49, 51], "start_day": "20200809", "num_days": 20}