{"transform": [-107.29494965974693, 0.011243097638553863, 0.0, 39.66980773883491, 0.0, -0.008697037844648358], "shape": [15, 18], "start_day": "20200809", "num_days": 20}