{"transform": [-115.49585089082264, 0.011699384503727745, 0.0, 42.44728418850704, 0.0, -0.008693047787531629], "shape": [47, 39], "start_day": "20200813", "num_days": 3}