{"transform": [-115.30281104651114, 0.011699384503727745, 0.0, 42.299502376119, 0.0, -0.008693047787531629], "shape": [13, 6], "start_day": "20200813", "num_days": 3}