{"transform": [-156.48515582241612, 0.01773483372903395, 0.0, 60.84792995983529, 0.0, -0.008665915697319535], "shape": [11, 8], "start_day": "20200613", "num_days": 7}