{"transform": [-122.94388156820406, 0.011384080408228614, 0.0, 40.46656941332753, 0.0, -0.008695753327477901], "shape": [2, 1], "start_day": "20200819", "num_days": 6}