{"transform": [-123.13741093514395, 0.011384080408228614, 0.0, 40.61004934323091, 0.0, -0.008695753327477901], "shape": [35, 35], "start_day": "20200819", "num_days": 6}