{"transform": [-112.35152031707999, 0.011233330626668814, 0.0, 39.68759442507708, 0.0, -0.00869712864103224], "shape": [33, 21], "start_day": "20200619", "num_days": 109}