{"transform": [-112.54248693773336, 0.011233330626668814, 0.0, 39.83544561197463, 0.0, -0.00869712864103224], "shape": [67, 55], "start_day": "20200619", "num_days": 109}