{"transform": [-123.32291113736653, 0.01144824736380475, 0.0, 40.99096298102492, 0.0, -0.008695184445827016], "shape": [36, 35], "start_day": "20200831", "num_days": 5}