{"transform": [-123.13401505586376, 0.01144824736380475, 0.0, 40.84749243766878, 0.0, -0.008695184445827016], "shape": [3, 2], "start_day": "20200831", "num_days": 5}