{"transform": [-106.08134681656745, 0.01128019759617308, 0.0, 39.906611342985336, 0.0, -0.008696695115915663], "shape": [17, 17], "start_day": "20200813", "num_days": 74}