{"transform": [-106.27311017570239, 0.01128019759617308, 0.0, 40.05010681239794, 0.0, -0.008696695115915663], "shape": [50, 51], "start_day": "20200813", "num_days": 74}