{"transform": [-147.75589010041153, 0.020221741205780592, 0.0, 64.68629908822942, 0.0, -0.008661104819585421], "shape": [3, 4], "start_day": "20200531", "num_days": 3}