{"transform": [-162.8714791291343, 0.022995704134330306, 0.0, 67.91488161165867, 0.0, -0.00865747365861445], "shape": [2, 2], "start_day": "20200601", "num_days": 3}