{"transform": [-110.77097562698711, 0.012037597684979773, 0.0, 44.149241111634275, 0.0, -0.008690380118569251], "shape": [36, 35], "start_day": "20200930", "num_days": 12}