{"transform": [-110.57235526518494, 0.012037597684979773, 0.0, 44.005849839677886, 0.0, -0.008690380118569251], "shape": [3, 2], "start_day": "20200930", "num_days": 12}