{"transform": [-120.81398484076553, 0.011360260796868507, 0.0, 40.39016317580616, 0.0, -0.008695966977191119], "shape": [17, 22], "start_day": "20200816", "num_days": 23}