{"transform": [-121.00142914391387, 0.011360260796868507, 0.0, 40.533646630929816, 0.0, -0.008695966977191119], "shape": [50, 55], "start_day": "20200816", "num_days": 23}