{"transform": [-111.60031320164089, 0.010476434760620037, 0.0, 34.211528942927586, 0.0, -0.008704961951680844], "shape": [3, 3], "start_day": "20200816", "num_days": 4}