{"transform": [-111.77317437519112, 0.010476434760620037, 0.0, 34.355160815130326, 0.0, -0.008704961951680844], "shape": [36, 36], "start_day": "20200816", "num_days": 4}