{"transform": [-119.84113545820883, 0.011072581865668752, 0.0, 38.73449412471517, 0.0, -0.00869865792714742], "shape": [49, 49], "start_day": "20200829", "num_days": 36}