{"transform": [-119.6584378574253, 0.011072581865668752, 0.0, 38.586616939953664, 0.0, -0.00869865792714742], "shape": [15, 16], "start_day": "20200829", "num_days": 36}