{"transform": [-116.48273573847027, 0.012305825646881216, 0.0, 45.293345173719764, 0.0, -0.00868841985985608], "shape": [4, 3], "start_day": "20200930", "num_days": 12}