{"transform": [-116.68578186164382, 0.012305825646881216, 0.0, 45.43670410140739, 0.0, -0.00868841985985608], "shape": [37, 36], "start_day": "20200930", "num_days": 12}