{"transform": [-107.69644195054975, 0.01094245048856026, 0.0, 37.8057843258339, 0.0, -0.008699945961935044], "shape": [35, 35], "start_day": "20201013", "num_days": 4}