{"transform": [-107.51042029224423, 0.01094245048856026, 0.0, 37.657885244481, 0.0, -0.008699945961935044], "shape": [1, 1], "start_day": "20201013", "num_days": 4}