{"transform": [-106.34600952959106, 0.010558970060734295, 0.0, 34.8593472242969, 0.0, -0.008704024593662617], "shape": [1, 3], "start_day": "20200708", "num_days": 3}