{"transform": [-106.52023253559318, 0.010558970060734295, 0.0, 35.00731564238916, 0.0, -0.008704024593662617], "shape": [35, 36], "start_day": "20200708", "num_days": 3}