{"transform": [-121.2262626201032, 0.01300411386774482, 0.0, 48.278738214134165, 0.0, -0.008683876253645695], "shape": [5, 6], "start_day": "20200817", "num_days": 3}