{"transform": [-121.44733255585486, 0.01300411386774482, 0.0, 48.42202217231932, 0.0, -0.008683876253645695], "shape": [38, 40], "start_day": "20200817", "num_days": 3}