{"transform": [-122.77114824568258, 0.012294073639006323, 0.0, 45.36922152288602, 0.0, -0.00868850305211712], "shape": [34, 35], "start_day": "20200908", "num_days": 3}