{"transform": [-122.56214899381948, 0.012294073639006323, 0.0, 45.225861222526085, 0.0, -0.00868850305211712], "shape": [1, 1], "start_day": "20200908", "num_days": 3}