{"transform": [-161.82294341944706, 0.01824351498236024, 0.0, 61.71231328373277, 0.0, -0.008664769293083976], "shape": [5, 6], "start_day": "20200531", "num_days": 4}