{"transform": [-163.12155516713892, 0.01808072237964665, 0.0, 61.43364439209734, 0.0, -0.008665125638915477], "shape": [5, 6], "start_day": "20200531", "num_days": 5}