{"transform": [-120.10468836350238, 0.011240929525120203, 0.0, 39.76076102359745, 0.0, -0.00869705797935496], "shape": [39, 40], "start_day": "20200626", "num_days": 4}