{"transform": [-119.91359256157533, 0.011240929525120203, 0.0, 39.617259566938095, 0.0, -0.00869705797935496], "shape": [6, 6], "start_day": "20200626", "num_days": 4}