{"transform": [-121.9663454331906, 0.011994626381261359, 0.0, 43.78338917625683, 0.0, -0.008690706513568474], "shape": [1, 1], "start_day": "20200817", "num_days": 5}