{"transform": [-122.16425676848141, 0.011994626381261359, 0.0, 43.92678583373072, 0.0, -0.008690706513568474], "shape": [34, 34], "start_day": "20200817", "num_days": 5}