{"transform": [-114.89681455217962, 0.011996113359248812, 0.0, 43.79082612358007, 0.0, -0.008690695160037508], "shape": [1, 1], "start_day": "20200922", "num_days": 3}