{"transform": [-115.09475042260722, 0.011996113359248812, 0.0, 43.938567941300704, 0.0, -0.008690695160037508], "shape": [35, 34], "start_day": "20200922", "num_days": 3}