{"transform": [-149.65485701906505, 0.02114422242751367, 0.0, 65.88668552523546, 0.0, -0.008659737433851839], "shape": [8, 12], "start_day": "20200605", "num_days": 10}