{"transform": [-92.71245264114033, 0.010135867640381145, 0.0, 31.242318714502172, 0.0, -0.008709077004248108], "shape": [1, 2], "start_day": "20200227", "num_days": 3}