{"transform": [-92.87969445720661, 0.010135867640381145, 0.0, 31.39037302357439, 0.0, -0.008709077004248108], "shape": [35, 35], "start_day": "20200227", "num_days": 3}