{"transform": [-116.34864907278863, 0.012677971730779808, 0.0, 47.07142795417681, 0.0, -0.008685904539808843], "shape": [34, 35], "start_day": "20200909", "num_days": 5}