{"transform": [-116.13946253923076, 0.012677971730779808, 0.0, 46.928110529269965, 0.0, -0.008685904539808843], "shape": [1, 2], "start_day": "20200909", "num_days": 5}