{"transform": [-112.78802910261227, 0.011103423534017129, 0.0, 38.878253754302435, 0.0, -0.008698359322354701], "shape": [36, 36], "start_day": "20200709", "num_days": 3}