{"transform": [-112.59927090253399, 0.011103423534017129, 0.0, 38.730381645822405, 0.0, -0.008698359322354701], "shape": [2, 2], "start_day": "20200709", "num_days": 3}