{"transform": [-107.65450415115653, 0.010404677643479405, 0.0, 33.823119860271234, 0.0, -0.008705795235558717], "shape": [49, 44], "start_day": "20200615", "num_days": 34}