{"transform": [-107.48282697003913, 0.010404677643479405, 0.0, 33.67947423888452, 0.0, -0.008705795235558717], "shape": [16, 11], "start_day": "20200615", "num_days": 34}