{"transform": [-122.37048537402478, 0.012199214494823302, 0.0, 45.09336384937992, 0.0, -0.008689183435064227], "shape": [73, 87], "start_day": "20200816", "num_days": 56}