{"transform": [-122.1691983348602, 0.012199214494823302, 0.0, 44.949992322701355, 0.0, -0.008689183435064227], "shape": [40, 54], "start_day": "20200816", "num_days": 56}