{"transform": [-121.82393157348217, 0.012133572092195689, 0.0, 44.62697202448863, 0.0, -0.008689663683609123], "shape": [38, 43], "start_day": "20200816", "num_days": 12}