{"transform": [-121.61766084791483, 0.012133572092195689, 0.0, 44.48359257370908, 0.0, -0.008689663683609123], "shape": [5, 9], "start_day": "20200816", "num_days": 12}