{"transform": [-108.37201493880056, 0.010352594757226725, 0.0, 33.2238087076185, 0.0, -0.008706411019739617], "shape": [12, 14], "start_day": "20200605", "num_days": 35}