{"transform": [-108.54800904967342, 0.010352594757226725, 0.0, 33.371817694954075, 0.0, -0.008706411019739617], "shape": [46, 48], "start_day": "20200605", "num_days": 35}