{"transform": [-115.14491108043264, 0.012106981973074332, 0.0, 44.35912584187967, 0.0, -0.008689860459870158], "shape": [6, 5], "start_day": "20200914", "num_days": 12}