{"transform": [-115.34467628298836, 0.012106981973074332, 0.0, 44.50685346969746, 0.0, -0.008689860459870158], "shape": [40, 38], "start_day": "20200914", "num_days": 12}