{"transform": [-111.69638813084374, 0.01040680699132099, 0.0, 33.788601427773365, 0.0, -0.008705770258016908], "shape": [37, 36], "start_day": "20200818", "num_days": 3}