{"transform": [-111.52467581548694, 0.01040680699132099, 0.0, 33.64060333338708, 0.0, -0.008705770258016908], "shape": [3, 3], "start_day": "20200818", "num_days": 3}