{"transform": [-121.6441127752227, 0.01197786066986997, 0.0, 43.85142852624786, 0.0, -0.008690834819322936], "shape": [36, 35], "start_day": "20200717", "num_days": 4}