{"transform": [-121.44647807416985, 0.01197786066986997, 0.0, 43.70802975172903, 0.0, -0.008690834819322936], "shape": [3, 2], "start_day": "20200717", "num_days": 4}