{"transform": [-114.70572648583388, 0.011836978468280438, 0.0, 43.13909215238486, 0.0, -0.008691934730780105], "shape": [38, 42], "start_day": "20200730", "num_days": 3}