{"transform": [-114.50449785187311, 0.011836978468280438, 0.0, 42.99567522932699, 0.0, -0.008691934730780105], "shape": [5, 8], "start_day": "20200730", "num_days": 3}