{"transform": [-110.8746519207173, 0.010415415669561903, 0.0, 33.85571546831876, 0.0, -0.008705669434373415], "shape": [36, 35], "start_day": "20200713", "num_days": 3}