{"transform": [-110.70279756216952, 0.010415415669561903, 0.0, 33.707719087934414, 0.0, -0.008705669434373415], "shape": [2, 2], "start_day": "20200713", "num_days": 3}