{"transform": [-89.10974904192229, 0.01007960659556029, 0.0, 30.860736236913077, 0.0, -0.008709797578502154], "shape": [36, 35], "start_day": "20200427", "num_days": 3}