{"transform": [-88.93839572979776, 0.01007960659556029, 0.0, 30.71702457686779, 0.0, -0.008709797578502154], "shape": [3, 1], "start_day": "20200427", "num_days": 3}