{"transform": [-106.83276038955198, 0.01141450623877297, 0.0, 40.69819230565263, 0.0, -0.00869548237893681], "shape": [14, 13], "start_day": "20200906", "num_days": 50}