{"transform": [-107.02109974249173, 0.01141450623877297, 0.0, 40.84166776490509, 0.0, -0.00869548237893681], "shape": [47, 46], "start_day": "20200906", "num_days": 50}