{"transform": [-122.6665224051365, 0.012276604323237086, 0.0, 45.427010880325675, 0.0, -0.008688627161382627], "shape": [66, 72], "start_day": "20200907", "num_days": 12}