{"transform": [-122.46395843380309, 0.012276604323237086, 0.0, 45.28364853216286, 0.0, -0.008688627161382627], "shape": [33, 39], "start_day": "20200907", "num_days": 12}