{"transform": [-116.55062894846682, 0.012925094488954313, 0.0, 47.95577715531558, 0.0, -0.008684353543682143], "shape": [3, 6], "start_day": "20200907", "num_days": 17}