{"transform": [-116.76389300753458, 0.012925094488954313, 0.0, 48.099068988786335, 0.0, -0.008684353543682143], "shape": [36, 39], "start_day": "20200907", "num_days": 17}