{"transform": [-111.7279222132406, 0.010484543472465834, 0.0, 34.41625940075039, 0.0, -0.008704868871447228], "shape": [35, 37], "start_day": "20200703", "num_days": 11}