{"transform": [-111.55492724594491, 0.010484543472465834, 0.0, 34.272629064371515, 0.0, -0.008704868871447228], "shape": [2, 4], "start_day": "20200703", "num_days": 11}