{"transform": [-113.29065037360371, 0.011949524644652045, 0.0, 43.712887987286294, 0.0, -0.008691052907365226], "shape": [37, 36], "start_day": "20200805", "num_days": 3}