{"transform": [-113.08750845464462, 0.011949524644652045, 0.0, 43.56948561431477, 0.0, -0.008691052907365226], "shape": [4, 2], "start_day": "20200805", "num_days": 3}