{"transform": [-116.18459220633304, 0.01222209504760508, 0.0, 45.0366319401208, 0.0, -0.00868901786404244], "shape": [35, 35], "start_day": "20200818", "num_days": 6}