{"transform": [-115.97681659052375, 0.01222209504760508, 0.0, 44.8932631453641, 0.0, -0.00868901786404244], "shape": [2, 1], "start_day": "20200818", "num_days": 6}