{"transform": [-84.68986213396958, 0.010035611969630306, 0.0, 30.289248812374172, 0.0, -0.008710369582740553], "shape": [3, 2], "start_day": "20200510", "num_days": 4}