{"transform": [-84.8604675374533, 0.010035611969630306, 0.0, 30.43296991048939, 0.0, -0.008710369582740553], "shape": [36, 36], "start_day": "20200510", "num_days": 4}