{"transform": [-112.40395990307562, 0.011812113287817706, 0.0, 42.856899074474086, 0.0, -0.008692132982691725], "shape": [3, 4], "start_day": "20200718", "num_days": 4}