{"transform": [-112.60476582896852, 0.011812113287817706, 0.0, 43.004665335179844, 0.0, -0.008692132982691725], "shape": [37, 38], "start_day": "20200718", "num_days": 4}