{"transform": [-142.94594285623975, 0.022435753413259363, 0.0, 67.35426598853891, 0.0, -0.008658099439667222], "shape": [7, 6], "start_day": "20200612", "num_days": 7}