{"transform": [-113.58823182297093, 0.010877795326880121, 0.0, 37.268945536070994, 0.0, -0.008700603295849103], "shape": [14, 9], "start_day": "20200713", "num_days": 4}