{"transform": [-113.76771544586445, 0.010877795326880121, 0.0, 37.4125054904525, 0.0, -0.008700603295849103], "shape": [47, 42], "start_day": "20200713", "num_days": 4}