{"transform": [-111.7446979454748, 0.010428954204789698, 0.0, 34.18088475922028, 0.0, -0.008705511381652467], "shape": [85, 73], "start_day": "20200613", "num_days": 17}