{"transform": [-111.57262020109576, 0.010428954204789698, 0.0, 34.03724382142301, 0.0, -0.008705511381652467], "shape": [52, 40], "start_day": "20200613", "num_days": 17}