{"transform": [-120.2888893390237, 0.011496431313983447, 0.0, 41.24736892204483, 0.0, -0.008694763551275169], "shape": [31, 32], "start_day": "20200817", "num_days": 30}