{"transform": [-120.47858045570442, 0.011496431313983447, 0.0, 41.39083252064086, 0.0, -0.008694763551275169], "shape": [64, 65], "start_day": "20200817", "num_days": 30}