{"transform": [-121.31284231949175, 0.01261510632787568, 0.0, 46.66839566418192, 0.0, -0.008686313787918246], "shape": [3, 3], "start_day": "20200915", "num_days": 5}