{"transform": [-121.52099157390171, 0.01261510632787568, 0.0, 46.811719841682574, 0.0, -0.008686313787918246], "shape": [36, 36], "start_day": "20200915", "num_days": 5}