{"transform": [-120.70644784360707, 0.011769524146098735, 0.0, 42.72332718388697, 0.0, -0.008692475490574846], "shape": [24, 22], "start_day": "20200907", "num_days": 27}