{"transform": [-120.9006449920177, 0.011769524146098735, 0.0, 42.86675302948146, 0.0, -0.008692475490574846], "shape": [57, 55], "start_day": "20200907", "num_days": 27}