{"transform": [-89.02784026795554, 0.010072035197462692, 0.0, 30.783415186422214, 0.0, -0.008709895481266283], "shape": [35, 35], "start_day": "20200228", "num_days": 3}