{"transform": [-88.86165168719741, 0.010072035197462692, 0.0, 30.639701910981323, 0.0, -0.008709895481266283], "shape": [2, 2], "start_day": "20200228", "num_days": 3}