{"transform": [-111.67429737652085, 0.011365264006957457, 0.0, 40.372166975466364, 0.0, -0.008695921988767544], "shape": [6, 6], "start_day": "20201016", "num_days": 6}