{"transform": [-111.86182423263564, 0.011365264006957457, 0.0, 40.51564968828103, 0.0, -0.008695921988767544], "shape": [39, 39], "start_day": "20201016", "num_days": 6}