{"transform": [-109.22961421523321, 0.010185686093306669, 0.0, 31.716616897936067, 0.0, -0.008708448968010027], "shape": [4, 5], "start_day": "20201031", "num_days": 4}