{"transform": [-109.39767803577277, 0.010185686093306669, 0.0, 31.86466053039224, 0.0, -0.008708448968010027], "shape": [38, 38], "start_day": "20201031", "num_days": 4}