{"transform": [-105.30450372868046, 0.011058750680490831, 0.0, 38.43959411865656, 0.0, -0.008698792656515382], "shape": [2, 2], "start_day": "20200708", "num_days": 3}