{"transform": [-105.4925024902488, 0.011058750680490831, 0.0, 38.58312419748906, 0.0, -0.008698792656515382], "shape": [35, 36], "start_day": "20200708", "num_days": 3}