{"transform": [-105.65926270941615, 0.0104109423053967, 0.0, 33.679318818088724, 0.0, -0.008705721794332346], "shape": [4, 6], "start_day": "20200804", "num_days": 26}