{"transform": [-105.83104325745519, 0.0104109423053967, 0.0, 33.827316088592376, 0.0, -0.008705721794332346], "shape": [38, 39], "start_day": "20200804", "num_days": 26}