{"transform": [-103.0013074536091, 0.011800949109141456, 0.0, 42.79386328140597, 0.0, -0.00869222240589018], "shape": [2, 2], "start_day": "20200827", "num_days": 3}