{"transform": [-103.20192358846451, 0.011800949109141456, 0.0, 42.9416310623061, 0.0, -0.00869222240589018], "shape": [36, 36], "start_day": "20200827", "num_days": 3}