{"transform": [-111.86897518269672, 0.010445673078710561, 0.0, 33.965632134109526, 0.0, -0.008705317054726222], "shape": [4, 5], "start_day": "20200828", "num_days": 3}