{"transform": [-112.04132878849545, 0.010445673078710561, 0.0, 34.10926986551251, 0.0, -0.008705317054726222], "shape": [37, 38], "start_day": "20200828", "num_days": 3}