{"transform": [-106.47938442772316, 0.011493869361159573, 0.0, 41.28049916822314, 0.0, -0.008694785796337689], "shape": [42, 40], "start_day": "20200916", "num_days": 33}