{"transform": [-106.67478020686286, 0.011493869361159573, 0.0, 41.42831052676088, 0.0, -0.008694785796337689], "shape": [76, 74], "start_day": "20200916", "num_days": 33}