{"transform": [-118.28170476745618, 0.010492103619885805, 0.0, 34.62942605244089, 0.0, -0.008704782284023984], "shape": [70, 66], "start_day": "20200905", "num_days": 33}