{"transform": [-118.10858505772806, 0.010492103619885805, 0.0, 34.4857971447545, 0.0, -0.008704782284023984], "shape": [37, 33], "start_day": "20200905", "num_days": 33}