{"transform": [-112.4158347206688, 0.011673064112554263, 0.0, 42.1087045532291, 0.0, -0.008693265229058215], "shape": [2, 3], "start_day": "20200725", "num_days": 3}