{"transform": [-112.60844027852593, 0.011673064112554263, 0.0, 42.252143429508564, 0.0, -0.008693265229058215], "shape": [35, 36], "start_day": "20200725", "num_days": 3}