{"transform": [-109.58523942728743, 0.010229733963460573, 0.0, 32.276866922501014, 0.0, -0.008707901365900926], "shape": [41, 39], "start_day": "20200605", "num_days": 6}