{"transform": [-109.41644881689034, 0.010229733963460573, 0.0, 32.133186549963646, 0.0, -0.008707901365900926], "shape": [8, 6], "start_day": "20200605", "num_days": 6}