{"transform": [-112.89250404904323, 0.011669291514419011, 0.0, 42.1055108385514, 0.0, -0.008693296517116178], "shape": [6, 6], "start_day": "20200818", "num_days": 5}