{"transform": [-113.08504735903114, 0.011669291514419011, 0.0, 42.248950231083825, 0.0, -0.008693296517116178], "shape": [39, 39], "start_day": "20200818", "num_days": 5}