{"transform": [-105.51527627724526, 0.011931305872642154, 0.0, 43.47270882943154, 0.0, -0.008691193954318078], "shape": [3, 4], "start_day": "20200709", "num_days": 3}