{"transform": [-105.71214282414385, 0.011931305872642154, 0.0, 43.61611352967778, 0.0, -0.008691193954318078], "shape": [36, 37], "start_day": "20200709", "num_days": 3}