{"transform": [-114.13613278356682, 0.01198679151810638, 0.0, 43.896245122295916, 0.0, -0.00869076640532482], "shape": [36, 35], "start_day": "20200816", "num_days": 4}