{"transform": [-113.93835072351807, 0.01198679151810638, 0.0, 43.74850209340539, 0.0, -0.00869076640532482], "shape": [2, 2], "start_day": "20200816", "num_days": 4}