{"transform": [-124.19023931487865, 0.012249569429507489, 0.0, 45.17897706285962, 0.0, -0.008688820282083147], "shape": [38, 46], "start_day": "20200907", "num_days": 5}