{"transform": [-123.98812141929177, 0.012249569429507489, 0.0, 45.03126711806421, 0.0, -0.008688820282083147], "shape": [4, 13], "start_day": "20200907", "num_days": 5}