{"transform": [-115.25822015195996, 0.01200186840324347, 0.0, 43.971668768653565, 0.0, -0.008690651258528727], "shape": [36, 37], "start_day": "20200829", "num_days": 22}