{"transform": [-115.06018932330645, 0.01200186840324347, 0.0, 43.82827302288784, 0.0, -0.008690651258528727], "shape": [3, 4], "start_day": "20200829", "num_days": 22}