{"transform": [-117.26517239125563, 0.013059357779745184, 0.0, 48.62554122427782, 0.0, -0.008683547730157434], "shape": [35, 34], "start_day": "20200915", "num_days": 5}