{"transform": [-117.04969298788984, 0.013059357779745184, 0.0, 48.477920912865144, 0.0, -0.008683547730157434], "shape": [1, 1], "start_day": "20200915", "num_days": 5}