{"transform": [-110.98946722329438, 0.010396443583758564, 0.0, 33.61952447421013, 0.0, -0.008705891967787168], "shape": [18, 13], "start_day": "20200817", "num_days": 7}