{"transform": [-111.1610085424264, 0.010396443583758564, 0.0, 33.763171691678615, 0.0, -0.008705891967787168], "shape": [51, 46], "start_day": "20200817", "num_days": 7}