{"transform": [-160.25162044153413, 0.019611103068333267, 0.0, 63.8292153226257, 0.0, -0.00866211825129806], "shape": [1, 1], "start_day": "20200530", "num_days": 3}