{"transform": [-111.08688953235892, 0.011388053374057043, 0.0, 40.63357328390692, 0.0, -0.008695717823249684], "shape": [35, 34], "start_day": "20201005", "num_days": 4}