{"transform": [-110.89898665168698, 0.011388053374057043, 0.0, 40.485746080911674, 0.0, -0.008695717823249684], "shape": [1, 1], "start_day": "20201005", "num_days": 4}