{"transform": [-118.74812861261934, 0.010809782276723148, 0.0, 36.89387421146012, 0.0, -0.00870130762947697], "shape": [38, 37], "start_day": "20200825", "num_days": 74}