{"transform": [-118.56976720505341, 0.010809782276723148, 0.0, 36.74595198175901, 0.0, -0.00870130762947697], "shape": [4, 4], "start_day": "20200825", "num_days": 74}