{"transform": [-121.1027792084838, 0.011539471393525473, 0.0, 41.37083592360058, 0.0, -0.008694392067023661], "shape": [3, 5], "start_day": "20200721", "num_days": 5}