{"transform": [-121.29318048647697, 0.011539471393525473, 0.0, 41.518640588739984, 0.0, -0.008694392067023661], "shape": [37, 38], "start_day": "20200721", "num_days": 5}