{"transform": [-110.76132594896752, 0.010414455467565429, 0.0, 33.6997600766677, 0.0, -0.008705680667645902], "shape": [2, 2], "start_day": "20200828", "num_days": 3}