{"transform": [-110.93837169191613, 0.010414455467565429, 0.0, 33.84775664801768, 0.0, -0.008705680667645902], "shape": [36, 36], "start_day": "20200828", "num_days": 3}