{"transform": [-119.24682825423167, 0.01083381182113931, 0.0, 36.91231276688425, 0.0, -0.00870105725611665], "shape": [3, 3], "start_day": "20200802", "num_days": 7}