{"transform": [-119.42558614928048, 0.01083381182113931, 0.0, 37.05588021161017, 0.0, -0.00870105725611665], "shape": [36, 36], "start_day": "20200802", "num_days": 7}