{"transform": [-123.11806260566289, 0.011912861306103174, 0.0, 43.48297722307519, 0.0, -0.008691337412971708], "shape": [27, 37], "start_day": "20200907", "num_days": 16}