{"transform": [-123.32058124786663, 0.011912861306103174, 0.0, 43.626384290389225, 0.0, -0.008691337412971708], "shape": [60, 71], "start_day": "20200907", "num_days": 16}