{"transform": [-120.2370628233886, 0.011296640104925372, 0.0, 40.09819318181871, 0.0, -0.008696544306244836], "shape": [38, 36], "start_day": "20200726", "num_days": 3}