{"transform": [-120.04501994160488, 0.011296640104925372, 0.0, 39.954700200765664, 0.0, -0.008696544306244836], "shape": [5, 2], "start_day": "20200726", "num_days": 3}