{"transform": [-111.15177357142133, 0.01047340242136075, 0.0, 34.18264522781605, 0.0, -0.008704996816008816], "shape": [2, 2], "start_day": "20200818", "num_days": 4}