{"transform": [-111.32458471137379, 0.01047340242136075, 0.0, 34.3262776752802, 0.0, -0.008704996816008816], "shape": [35, 35], "start_day": "20200818", "num_days": 4}