{"transform": [-116.96157110537892, 0.011735039378962012, 0.0, 42.43939246928765, 0.0, -0.008692755575187115], "shape": [1, 2], "start_day": "20200828", "num_days": 4}