{"transform": [-117.15519925513179, 0.011735039378962012, 0.0, 42.58716931406583, 0.0, -0.008692755575187115], "shape": [35, 35], "start_day": "20200828", "num_days": 4}