{"transform": [-121.8024398224239, 0.012280671884643901, 0.0, 45.35038012675574, 0.0, -0.00868859821616765], "shape": [44, 62], "start_day": "20200817", "num_days": 22}