{"transform": [-121.59980873632729, 0.012280671884643901, 0.0, 45.207018256188974, 0.0, -0.00868859821616765], "shape": [11, 29], "start_day": "20200817", "num_days": 22}