{"transform": [-153.87840763077853, 0.020353308519039544, 0.0, 64.85733983634852, 0.0, -0.008660898348446423], "shape": [2, 3], "start_day": "20200601", "num_days": 3}