{"transform": [-116.92106360028505, 0.012192983142805904, 0.0, 44.907340118757915, 0.0, -0.008689228689613082], "shape": [37, 25], "start_day": "20200906", "num_days": 36}