{"transform": [-117.12834431371276, 0.012192983142805904, 0.0, 45.05505700648134, 0.0, -0.008689228689613082], "shape": [71, 59], "start_day": "20200906", "num_days": 36}