{"transform": [-122.88028894558309, 0.012217145002003086, 0.0, 45.173987982775486, 0.0, -0.008689053604873187], "shape": [72, 83], "start_day": "20200816", "num_days": 4}