{"transform": [-122.67259748054904, 0.012217145002003086, 0.0, 45.03061859829508, 0.0, -0.008689053604873187], "shape": [39, 49], "start_day": "20200816", "num_days": 4}