{"transform": [-151.052262866297, 0.01965614453136829, 0.0, 63.902476414877796, 0.0, -0.008662040251817882], "shape": [3, 3], "start_day": "20200616", "num_days": 4}