{"transform": [-111.48839567515334, 0.011145883826692597, 0.0, 39.007265654455374, 0.0, -0.008697952303535969], "shape": [3, 4], "start_day": "20200815", "num_days": 9}