{"transform": [-111.67230275829377, 0.011145883826692597, 0.0, 39.15078186746372, 0.0, -0.008697952303535969], "shape": [36, 37], "start_day": "20200815", "num_days": 9}