{"transform": [-115.09088572741716, 0.012525222521957743, 0.0, 46.42549932980672, 0.0, -0.008686909719278837], "shape": [37, 38], "start_day": "20200820", "num_days": 31}