{"transform": [-114.87795694454388, 0.012525222521957743, 0.0, 46.277821864578975, 0.0, -0.008686909719278837], "shape": [3, 4], "start_day": "20200820", "num_days": 31}