{"transform": [-145.1158602108116, 0.02205452887442919, 0.0, 66.92642130114596, 0.0, -0.008658553072956097], "shape": [4, 3], "start_day": "20200617", "num_days": 3}