{"transform": [-160.65004476496125, 0.023161279480639476, 0.0, 68.08553702340433, 0.0, -0.008657297269530366], "shape": [3, 4], "start_day": "20200603", "num_days": 3}