{"transform": [-94.08459832235185, 0.010659624703774295, 0.0, 35.63654863050905, 0.0, -0.008702911009000952], "shape": [2, 1], "start_day": "20201115", "num_days": 3}