{"transform": [-94.26581194231602, 0.010659624703774295, 0.0, 35.78449811766206, 0.0, -0.008702911009000952], "shape": [36, 35], "start_day": "20201115", "num_days": 3}