{"transform": [-114.85499319164602, 0.01255199014606874, 0.0, 46.39064582640308, 0.0, -0.008686730903041702], "shape": [2, 2], "start_day": "20200821", "num_days": 19}