{"transform": [-115.06210102905615, 0.01255199014606874, 0.0, 46.533976886303265, 0.0, -0.008686730903041702], "shape": [35, 35], "start_day": "20200821", "num_days": 19}