{"transform": [-119.5988864323935, 0.012218876893544865, 0.0, 44.87805862709518, 0.0, -0.008689041095118236], "shape": [2, 2], "start_day": "20200818", "num_days": 5}