{"transform": [-119.80049790113699, 0.012218876893544865, 0.0, 45.02142780516463, 0.0, -0.008689041095118236], "shape": [35, 35], "start_day": "20200818", "num_days": 5}