{"transform": [-144.5254127752472, 0.02231715843680569, 0.0, 67.23119327727092, 0.0, -0.008658238067715178], "shape": [8, 8], "start_day": "20200703", "num_days": 13}