{"transform": [-123.6571097798169, 0.011483082816946955, 0.0, 41.044628665618774, 0.0, -0.008694879618730082], "shape": [2, 2], "start_day": "20200808", "num_days": 3}