{"transform": [-123.84658064629653, 0.011483082816946955, 0.0, 41.18809417932782, 0.0, -0.008694879618730082], "shape": [35, 35], "start_day": "20200808", "num_days": 3}