{"transform": [-122.19061293690723, 0.011880874181457121, 0.0, 43.244948861493405, 0.0, -0.008691587798669742], "shape": [10, 10], "start_day": "20200908", "num_days": 12}