{"transform": [-122.38664736090126, 0.011880874181457121, 0.0, 43.39270585407079, 0.0, -0.008691587798669742], "shape": [44, 43], "start_day": "20200908", "num_days": 12}