{"transform": [-157.10310310697102, 0.021365055323686172, 0.0, 66.13489283577047, 0.0, -0.008659436135206328], "shape": [4, 6], "start_day": "20200603", "num_days": 5}