{"transform": [-116.93752575241851, 0.0121065142524876, 0.0, 44.482855324324795, 0.0, -0.008689863932843041], "shape": [35, 35], "start_day": "20200824", "num_days": 3}