{"transform": [-116.73776826725246, 0.0121065142524876, 0.0, 44.339472569432886, 0.0, -0.008689863932843041], "shape": [2, 2], "start_day": "20200824", "num_days": 3}