{"transform": [-116.06988339103609, 0.012035399768065301, 0.0, 43.99062788022794, 0.0, -0.00869039672789373], "shape": [2, 4], "start_day": "20200805", "num_days": 8}