{"transform": [-116.26846748720916, 0.012035399768065301, 0.0, 44.13401942623819, 0.0, -0.00869039672789373], "shape": [35, 37], "start_day": "20200805", "num_days": 8}