{"transform": [-120.6416701039445, 0.011144360766386578, 0.0, 39.14541896571526, 0.0, -0.008697966822443629], "shape": [37, 39], "start_day": "20200907", "num_days": 12}