{"transform": [-120.45778815129913, 0.011144360766386578, 0.0, 39.001902513144934, 0.0, -0.008697966822443629], "shape": [4, 6], "start_day": "20200907", "num_days": 12}