{"transform": [-151.14733684352376, 0.020744139523787366, 0.0, 65.36374162005352, 0.0, -0.008660308053455213], "shape": [2, 2], "start_day": "20200612", "num_days": 3}