{"transform": [-117.50607925435283, 0.010712394522855386, 0.0, 36.078094334624254, 0.0, -0.008702339788339473], "shape": [13, 9], "start_day": "20200728", "num_days": 7}