{"transform": [-117.68283376397993, 0.010712394522855386, 0.0, 36.22168294113185, 0.0, -0.008702339788339473], "shape": [46, 42], "start_day": "20200728", "num_days": 7}