{"transform": [-115.19349502029937, 0.011943902574847795, 0.0, 43.554046212771645, 0.0, -0.00869109636331641], "shape": [7, 8], "start_day": "20200906", "num_days": 13}