{"transform": [-115.39056941278434, 0.011943902574847795, 0.0, 43.69744930276637, 0.0, -0.00869109636331641], "shape": [40, 41], "start_day": "20200906", "num_days": 13}