{"transform": [-108.47547726567463, 0.010325951280666351, 0.0, 33.1264816960048, 0.0, -0.008706729666892964], "shape": [42, 44], "start_day": "20200606", "num_days": 22}