{"transform": [-108.30509906954363, 0.010325951280666351, 0.0, 32.98282065650107, 0.0, -0.008706729666892964], "shape": [9, 11], "start_day": "20200606", "num_days": 22}