{"transform": [-117.73796899156547, 0.010420351625461946, 0.0, 33.774700112954896, 0.0, -0.008705611738706629], "shape": [8, 13], "start_day": "20201128", "num_days": 36}