{"transform": [-117.90990479338559, 0.010420351625461946, 0.0, 33.91834270664356, 0.0, -0.008705611738706629], "shape": [41, 46], "start_day": "20201128", "num_days": 36}