{"transform": [-115.44060123955857, 0.013021795117234355, 0.0, 48.33095931482495, 0.0, -0.00868377064977937], "shape": [1, 1], "start_day": "20200818", "num_days": 3}