{"transform": [-115.65546085899295, 0.013021795117234355, 0.0, 48.47424153054631, 0.0, -0.00868377064977937], "shape": [34, 34], "start_day": "20200818", "num_days": 3}