{"transform": [-109.2040073407036, 0.011060101640206701, 0.0, 38.591979729302174, 0.0, -0.00869877947440813], "shape": [35, 35], "start_day": "20200626", "num_days": 4}