{"transform": [-109.02151566364019, 0.011060101640206701, 0.0, 38.44844986797444, 0.0, -0.00869877947440813], "shape": [2, 2], "start_day": "20200626", "num_days": 4}