{"transform": [-76.91988410321885, 0.01054382643777303, 0.0, 34.74482529192065, 0.0, -0.008704194920594334], "shape": [2, 1], "start_day": "20200722", "num_days": 8}