{"transform": [-77.09912915266098, 0.01054382643777303, 0.0, 34.88844450811045, 0.0, -0.008704194920594334], "shape": [35, 35], "start_day": "20200722", "num_days": 8}