{"transform": [-120.4789354132366, 0.011675275165981302, 0.0, 42.28158136216441, 0.0, -0.008693246905864819], "shape": [39, 39], "start_day": "20200815", "num_days": 10}