{"transform": [-120.28045573541492, 0.011675275165981302, 0.0, 42.138142788217635, 0.0, -0.008693246905864819], "shape": [6, 5], "start_day": "20200815", "num_days": 10}