{"transform": [-116.96799957316485, 0.010455913216487834, 0.0, 34.0928071164657, 0.0, -0.008705198495094539], "shape": [14, 20], "start_day": "20200731", "num_days": 14}