{"transform": [-117.1405221412369, 0.010455913216487834, 0.0, 34.23644289163476, 0.0, -0.008705198495094539], "shape": [47, 53], "start_day": "20200731", "num_days": 14}