{"transform": [-114.36688552707479, 0.012028086574804106, 0.0, 43.95873830908784, 0.0, -0.008690452058531395], "shape": [3, 2], "start_day": "20201004", "num_days": 8}