{"transform": [-114.57136299884645, 0.012028086574804106, 0.0, 44.10213076805361, 0.0, -0.008690452058531395], "shape": [36, 36], "start_day": "20201004", "num_days": 8}