{"transform": [-115.79937228586567, 0.010755440268284745, 0.0, 36.506774360696, 0.0, -0.008701880086971859], "shape": [39, 40], "start_day": "20200628", "num_days": 4}