{"transform": [-115.62190752143897, 0.010755440268284745, 0.0, 36.35884239921748, 0.0, -0.008701880086971859], "shape": [5, 7], "start_day": "20200628", "num_days": 4}