{"transform": [-114.69754197958936, 0.012565015235755478, 0.0, 46.451739045459895, 0.0, -0.008686644306557063], "shape": [3, 5], "start_day": "20200820", "num_days": 31}