{"transform": [-114.90486473097933, 0.012565015235755478, 0.0, 46.59506867651809, 0.0, -0.008686644306557063], "shape": [36, 38], "start_day": "20200820", "num_days": 31}