{"transform": [-107.50262238946023, 0.010912708312015441, 0.0, 37.60207817244249, 0.0, -0.008700246882424177], "shape": [35, 35], "start_day": "20200614", "num_days": 20}