{"transform": [-107.31710634815597, 0.010912708312015441, 0.0, 37.45852409888249, 0.0, -0.008700246882424177], "shape": [2, 1], "start_day": "20200614", "num_days": 20}