{"transform": [-144.68115925971262, 0.021843147212639757, 0.0, 66.6809094254206, 0.0, -0.008658814920522607], "shape": [2, 2], "start_day": "20200613", "num_days": 12}