{"transform": [-111.133134426149, 0.011415779305353646, 0.0, 40.801315688611155, 0.0, -0.008695471089506034], "shape": [36, 37], "start_day": "20200731", "num_days": 9}