{"transform": [-110.94477406761067, 0.011415779305353646, 0.0, 40.65349268008955, 0.0, -0.008695471089506034], "shape": [2, 4], "start_day": "20200731", "num_days": 9}