{"transform": [-161.724183348195, 0.01825148909751068, 0.0, 61.71715201812497, 0.0, -0.008664752083284539], "shape": [3, 4], "start_day": "20200531", "num_days": 4}