{"transform": [-121.79987460396468, 0.011607070914058118, 0.0, 41.99332688042148, 0.0, -0.00869381698038773], "shape": [59, 59], "start_day": "20200721", "num_days": 12}