{"transform": [-121.60835793388273, 0.011607070914058118, 0.0, 41.84553199175488, 0.0, -0.00869381698038773], "shape": [25, 26], "start_day": "20200721", "num_days": 12}