{"transform": [-121.1622984686995, 0.012708037199561156, 0.0, 47.063805341956495, 0.0, -0.008685710970958898], "shape": [3, 2], "start_day": "20200816", "num_days": 14}