{"transform": [-121.37833510109205, 0.012708037199561156, 0.0, 47.20711957297731, 0.0, -0.008685710970958898], "shape": [36, 36], "start_day": "20200816", "num_days": 14}