{"transform": [-164.89476057614905, 0.021056167649088225, 0.0, 65.75311782523048, 0.0, -0.008659860230409284], "shape": [2, 2], "start_day": "20200602", "num_days": 4}