{"transform": [-118.69065678332427, 0.01316977112972022, 0.0, 48.91183509029754, 0.0, -0.00868290353164706], "shape": [3, 5], "start_day": "20200907", "num_days": 4}