{"transform": [-118.90795800696466, 0.01316977112972022, 0.0, 49.05944445033554, 0.0, -0.00868290353164706], "shape": [37, 38], "start_day": "20200907", "num_days": 4}