{"transform": [-121.58969816088383, 0.012385619230729996, 0.0, 45.806678640413345, 0.0, -0.008687861284909969], "shape": [38, 38], "start_day": "20200812", "num_days": 3}