{"transform": [-121.37914263396141, 0.012385619230729996, 0.0, 45.65898499856987, 0.0, -0.008687861284909969], "shape": [4, 4], "start_day": "20200812", "num_days": 3}