{"transform": [-119.02837851119057, 0.010983663422650955, 0.0, 37.94985127209286, 0.0, -0.00869953304640432], "shape": [4, 8], "start_day": "20200816", "num_days": 3}