{"transform": [-119.21510078937564, 0.010983663422650955, 0.0, 38.09774333388173, 0.0, -0.00869953304640432], "shape": [38, 42], "start_day": "20200816", "num_days": 3}