{"transform": [-106.40575716164423, 0.010664680493958188, 0.0, 35.81819743844314, 0.0, -0.008702855911033735], "shape": [35, 35], "start_day": "20200823", "num_days": 4}