{"transform": [-106.22978993349392, 0.010664680493958188, 0.0, 35.67024888795557, 0.0, -0.008702855911033735], "shape": [1, 2], "start_day": "20200823", "num_days": 4}