{"transform": [-120.21635241095119, 0.012918482290304326, 0.0, 48.09423646208169, 0.0, -0.00868439388203038], "shape": [41, 41], "start_day": "20200906", "num_days": 5}