{"transform": [-119.99673821201601, 0.012918482290304326, 0.0, 47.95094396302819, 0.0, -0.00868439388203038], "shape": [8, 7], "start_day": "20200906", "num_days": 5}