{"transform": [-121.51711960709494, 0.011366090094951065, 0.0, 40.35969639356646, 0.0, -0.008695914566406426], "shape": [2, 2], "start_day": "20200801", "num_days": 5}