{"transform": [-121.70466009366163, 0.011366090094951065, 0.0, 40.503178983912164, 0.0, -0.008695914566406426], "shape": [35, 35], "start_day": "20200801", "num_days": 5}