{"transform": [-110.93947701093302, 0.010268444115858715, 0.0, 32.573321512126114, 0.0, -0.00870742597507135], "shape": [30, 42], "start_day": "20200602", "num_days": 50}