{"transform": [-111.10890633884468, 0.010268444115858715, 0.0, 32.716994040714795, 0.0, -0.00870742597507135], "shape": [63, 75], "start_day": "20200602", "num_days": 50}