{"transform": [-93.3817945670854, 0.01011264756030235, 0.0, 31.17606631075147, 0.0, -0.008709372930635196], "shape": [36, 36], "start_day": "20200307", "num_days": 3}