{"transform": [-93.21493588234041, 0.01011264756030235, 0.0, 31.032361657395988, 0.0, -0.008709372930635196], "shape": [3, 3], "start_day": "20200307", "num_days": 3}