{"transform": [-161.8530674493878, 0.01850222438784049, 0.0, 62.13495826940504, 0.0, -0.008664222269993504], "shape": [3, 2], "start_day": "20200531", "num_days": 4}