{"transform": [-115.68786179454743, 0.012304585821898828, 0.0, 45.47006497838068, 0.0, -0.008688428625245274], "shape": [46, 50], "start_day": "20200827", "num_days": 30}