{"transform": [-115.4848361284861, 0.012304585821898828, 0.0, 45.32670590606413, 0.0, -0.008688428625245274], "shape": [13, 17], "start_day": "20200827", "num_days": 30}