{"transform": [-122.98281044922021, 0.012071590818006031, 0.0, 44.42965259585075, 0.0, -0.008690124398409448], "shape": [62, 80], "start_day": "20200907", "num_days": 32}