{"transform": [-122.77759340531411, 0.012071590818006031, 0.0, 44.28626554327699, 0.0, -0.008690124398409448], "shape": [29, 46], "start_day": "20200907", "num_days": 32}