{"transform": [-105.54444359979288, 0.011162890292923782, 0.0, 39.106694890795914, 0.0, -0.008697790591760969], "shape": [1, 2], "start_day": "20200823", "num_days": 3}