{"transform": [-105.72863128962612, 0.011162890292923782, 0.0, 39.254557330855846, 0.0, -0.008697790591760969], "shape": [35, 35], "start_day": "20200823", "num_days": 3}