{"transform": [-111.26339745002765, 0.010366716513850656, 0.0, 33.3000491046314, 0.0, -0.008706243131345487], "shape": [2, 4], "start_day": "20200420", "num_days": 4}