{"transform": [-111.43444827250619, 0.010366716513850656, 0.0, 33.448055237864274, 0.0, -0.008706243131345487], "shape": [36, 37], "start_day": "20200420", "num_days": 4}