{"transform": [-112.03854044765397, 0.01205184968399963, 0.0, 44.21961930002139, 0.0, -0.008690272640073778], "shape": [36, 37], "start_day": "20201103", "num_days": 5}