{"transform": [-111.83968492786798, 0.01205184968399963, 0.0, 44.07622980146018, 0.0, -0.008690272640073778], "shape": [3, 4], "start_day": "20201103", "num_days": 5}