{"transform": [-122.16439188220721, 0.0117708613817323, 0.0, 42.83038963346666, 0.0, -0.008692464679429397], "shape": [47, 43], "start_day": "20200907", "num_days": 7}