{"transform": [-121.96428723871776, 0.0117708613817323, 0.0, 42.68261773391636, 0.0, -0.008692464679429397], "shape": [13, 9], "start_day": "20200907", "num_days": 7}