{"transform": [-116.28198475052908, 0.011791320008315653, 0.0, 42.756139752346854, 0.0, -0.008692299738720233], "shape": [5, 7], "start_day": "20200721", "num_days": 3}