{"transform": [-116.4765415306663, 0.011791320008315653, 0.0, 42.9039088479051, 0.0, -0.008692299738720233], "shape": [39, 40], "start_day": "20200721", "num_days": 3}