{"transform": [-115.68995992628197, 0.010616705345474238, 0.0, 35.384585709954116, 0.0, -0.00870338194253277], "shape": [19, 19], "start_day": "20200815", "num_days": 6}