{"transform": [-115.8651355644823, 0.010616705345474238, 0.0, 35.52819151200591, 0.0, -0.00870338194253277], "shape": [52, 52], "start_day": "20200815", "num_days": 6}