{"transform": [-111.87876124754449, 0.011370083296737837, 0.0, 40.522602045080916, 0.0, -0.008695878710637924], "shape": [34, 34], "start_day": "20200815", "num_days": 3}