{"transform": [-111.6911548731483, 0.011370083296737837, 0.0, 40.37912004635539, 0.0, -0.008695878710637924], "shape": [1, 1], "start_day": "20200815", "num_days": 3}