{"transform": [-122.85750071557852, 0.010997355692859765, 0.0, 38.05471712413589, 0.0, -0.00869939689595439], "shape": [7, 6], "start_day": "20200818", "num_days": 22}