{"transform": [-123.03895708451071, 0.010997355692859765, 0.0, 38.20260687136712, 0.0, -0.00869939689595439], "shape": [41, 39], "start_day": "20200818", "num_days": 22}