{"transform": [-119.48107066993572, 0.011078385791434817, 0.0, 38.61576536552613, 0.0, -0.008698601542474966], "shape": [13, 15], "start_day": "20201116", "num_days": 3}