{"transform": [-119.6638640354944, 0.011078385791434817, 0.0, 38.759292290976965, 0.0, -0.008698601542474966], "shape": [46, 48], "start_day": "20201116", "num_days": 3}