{"transform": [-121.47745364940235, 0.012371800201191788, 0.0, 45.587476422744096, 0.0, -0.008687957244043407], "shape": [2, 4], "start_day": "20200801", "num_days": 4}