{"transform": [-121.681588352722, 0.012371800201191788, 0.0, 45.73082771727081, 0.0, -0.008687957244043407], "shape": [35, 37], "start_day": "20200801", "num_days": 4}