{"transform": [-107.29235928654957, 0.011080304099225577, 0.0, 38.58041667892592, 0.0, -0.008698582925880787], "shape": [2, 1], "start_day": "20201103", "num_days": 6}