{"transform": [-107.4807244562364, 0.011080304099225577, 0.0, 38.72394329720296, 0.0, -0.008698582925880787], "shape": [35, 35], "start_day": "20201103", "num_days": 6}