{"transform": [-110.92503152085916, 0.010411063464799572, 0.0, 33.68467757743825, 0.0, -0.008705720375287645], "shape": [5, 8], "start_day": "20200823", "num_days": 5}