{"transform": [-111.10201959976075, 0.010411063464799572, 0.0, 33.832674823818145, 0.0, -0.008705720375287645], "shape": [39, 42], "start_day": "20200823", "num_days": 5}