{"transform": [-110.65798971679794, 0.010164552797953835, 0.0, 31.51354533174807, 0.0, -0.008708714248022761], "shape": [2, 2], "start_day": "20200815", "num_days": 3}