{"transform": [-109.22986833946824, 0.011046594312188173, 0.0, 38.35973126299255, 0.0, -0.008698911492508789], "shape": [2, 3], "start_day": "20201018", "num_days": 3}