{"transform": [-109.41213714561935, 0.011046594312188173, 0.0, 38.50326330261894, 0.0, -0.008698911492508789], "shape": [35, 36], "start_day": "20201018", "num_days": 3}