{"transform": [-109.19159806769908, 0.010397175911010475, 0.0, 33.625640081696424, 0.0, -0.008705883355153368], "shape": [18, 18], "start_day": "20200828", "num_days": 58}