{"transform": [-109.36315147023075, 0.010397175911010475, 0.0, 33.76928715705645, 0.0, -0.008705883355153368], "shape": [51, 51], "start_day": "20200828", "num_days": 58}