{"transform": [-111.21533067255916, 0.010448265389804515, 0.0, 33.9955460770238, 0.0, -0.008705287007912607], "shape": [6, 8], "start_day": "20200825", "num_days": 14}