{"transform": [-111.39295118418583, 0.010448265389804515, 0.0, 34.14353595615832, 0.0, -0.008705287007912607], "shape": [40, 42], "start_day": "20200825", "num_days": 14}