{"transform": [-119.56775505927403, 0.010456349709618585, 0.0, 34.05283904039849, 0.0, -0.008705193449204921], "shape": [4, 5], "start_day": "20200530", "num_days": 4}