{"transform": [-119.74028482948273, 0.010456349709618585, 0.0, 34.19647473231037, 0.0, -0.008705193449204921], "shape": [37, 38], "start_day": "20200530", "num_days": 4}