{"transform": [-156.50596812647453, 0.01876245497454045, 0.0, 62.5551234196322, 0.0, -0.00866369475476095], "shape": [3, 2], "start_day": "20200530", "num_days": 3}