{"transform": [-114.31054876304962, 0.011699402337471831, 0.0, 42.416955048314094, 0.0, -0.008693047640701787], "shape": [40, 24], "start_day": "20200912", "num_days": 28}