{"transform": [-114.50358890161792, 0.011699402337471831, 0.0, 42.56473685820602, 0.0, -0.008693047640701787], "shape": [74, 57], "start_day": "20200912", "num_days": 28}