{"transform": [-123.49422794600227, 0.011642061318286207, 0.0, 42.121499152204414, 0.0, -0.008693523259288268], "shape": [44, 44], "start_day": "20200908", "num_days": 32}