{"transform": [-123.2963129035914, 0.011642061318286207, 0.0, 41.97370925679651, 0.0, -0.008693523259288268], "shape": [10, 10], "start_day": "20200908", "num_days": 32}