{"transform": [-120.7633261067063, 0.011748133774018241, 0.0, 42.66592068471414, 0.0, -0.008692648930491617], "shape": [37, 38], "start_day": "20200720", "num_days": 5}