{"transform": [-120.563607832548, 0.011748133774018241, 0.0, 42.52249197736103, 0.0, -0.008692648930491617], "shape": [4, 4], "start_day": "20200720", "num_days": 5}