{"transform": [-119.4590685378451, 0.010975173845135295, 0.0, 37.879662005360665, 0.0, -0.008699617721204195], "shape": [1, 2], "start_day": "20200904", "num_days": 46}