{"transform": [-119.64015890628983, 0.010975173845135295, 0.0, 38.027555506621134, 0.0, -0.008699617721204195], "shape": [35, 35], "start_day": "20200904", "num_days": 46}