{"transform": [-118.5482709243868, 0.01063664790566333, 0.0, 35.480115969724174, 0.0, -0.008703162408038359], "shape": [6, 13], "start_day": "20200803", "num_days": 8}