{"transform": [-118.72377561483025, 0.01063664790566333, 0.0, 35.62371814945681, 0.0, -0.008703162408038359], "shape": [39, 46], "start_day": "20200803", "num_days": 8}