{"transform": [-153.86470309338276, 0.020640188588524875, 0.0, 65.23112772228187, 0.0, -0.008660461781819168], "shape": [2, 3], "start_day": "20200612", "num_days": 3}