{"transform": [-121.05742224026935, 0.01137866461718002, 0.0, 40.617068646286555, 0.0, -0.008695801785749562], "shape": [44, 43], "start_day": "20200718", "num_days": 10}