{"transform": [-120.86398494177729, 0.01137866461718002, 0.0, 40.473587916821685, 0.0, -0.008695801785749562], "shape": [11, 9], "start_day": "20200718", "num_days": 10}