{"transform": [-107.5957946918865, 0.010619691886536284, 0.0, 35.33345834848637, 0.0, -0.008703348986326223], "shape": [2, 2], "start_day": "20201005", "num_days": 4}