{"transform": [-107.77101960801436, 0.010619691886536284, 0.0, 35.481415281253916, 0.0, -0.008703348986326223], "shape": [36, 35], "start_day": "20201005", "num_days": 4}