{"transform": [-105.0735439435046, 0.011942683916924398, 0.0, 43.669543627844455, 0.0, -0.008691105791108133], "shape": [35, 36], "start_day": "20201007", "num_days": 3}