{"transform": [-104.87648965887534, 0.011942683916924398, 0.0, 43.52614038229117, 0.0, -0.008691105791108133], "shape": [2, 3], "start_day": "20201007", "num_days": 3}