{"transform": [-113.40900388059943, 0.012976582492656522, 0.0, 48.31313830151299, 0.0, -0.008684041553312729], "shape": [38, 41], "start_day": "20200825", "num_days": 32}