{"transform": [-113.19489026947059, 0.012976582492656522, 0.0, 48.16985161588333, 0.0, -0.008684041553312729], "shape": [5, 8], "start_day": "20200825", "num_days": 32}