{"transform": [-117.01424510817237, 0.012946775586205208, 0.0, 48.04254583406739, 0.0, -0.008684221711551254], "shape": [3, 4], "start_day": "20200906", "num_days": 5}