{"transform": [-117.22786690534475, 0.012946775586205208, 0.0, 48.19017760316376, 0.0, -0.008684221711551254], "shape": [37, 37], "start_day": "20200906", "num_days": 5}