{"transform": [-148.35772973651277, 0.02132061867520692, 0.0, 66.07761950851565, 0.0, -0.008659496010390925], "shape": [3, 3], "start_day": "20200612", "num_days": 3}