{"transform": [-111.47019701330201, 0.010385557067123284, 0.0, 33.497921838692015, 0.0, -0.008706020216722623], "shape": [11, 9], "start_day": "20200819", "num_days": 11}