{"transform": [-111.64675148344311, 0.010385557067123284, 0.0, 33.645924182376305, 0.0, -0.008706020216722623], "shape": [45, 43], "start_day": "20200819", "num_days": 11}