{"transform": [-115.39555150637189, 0.012416160539633006, 0.0, 45.966498149484906, 0.0, -0.00868765034813198], "shape": [43, 44], "start_day": "20200817", "num_days": 34}