{"transform": [-115.19068485746794, 0.012416160539633006, 0.0, 45.82315191874073, 0.0, -0.00868765034813198], "shape": [10, 11], "start_day": "20200817", "num_days": 34}