{"transform": [-110.79038442305149, 0.010394333693208772, 0.0, 33.63236528989622, 0.0, -0.00870591679169289], "shape": [25, 29], "start_day": "20200815", "num_days": 13}