{"transform": [-110.96708809583603, 0.010394333693208772, 0.0, 33.776012916959154, 0.0, -0.00870591679169289], "shape": [58, 63], "start_day": "20200815", "num_days": 13}