{"transform": [-113.81303754295834, 0.012603516486128669, 0.0, 46.63586209618373, 0.0, -0.008686389909622175], "shape": [7, 6], "start_day": "20200822", "num_days": 18}