{"transform": [-114.02099556497947, 0.012603516486128669, 0.0, 46.77918752969249, 0.0, -0.008686389909622175], "shape": [40, 39], "start_day": "20200822", "num_days": 18}