{"transform": [-121.36641594278878, 0.01072432589439549, 0.0, 36.11819190331013, 0.0, -0.008702211810079572], "shape": [2, 4], "start_day": "20201017", "num_days": 5}