{"transform": [-121.5433673200463, 0.01072432589439549, 0.0, 36.266129504081476, 0.0, -0.008702211810079572], "shape": [36, 37], "start_day": "20201017", "num_days": 5}