{"transform": [-120.41070445673577, 0.011258947412915355, 0.0, 39.93716742019999, 0.0, -0.008696891007405172], "shape": [54, 52], "start_day": "20200814", "num_days": 9}