{"transform": [-120.22493182442267, 0.011258947412915355, 0.0, 39.793668718577806, 0.0, -0.008696891007405172], "shape": [21, 19], "start_day": "20200814", "num_days": 9}