{"transform": [-123.61716861030573, 0.01150537971923052, 0.0, 41.32468066846159, 0.0, -0.008694685970893611], "shape": [37, 37], "start_day": "20200726", "num_days": 32}