{"transform": [-123.42157715507881, 0.01150537971923052, 0.0, 41.181218349941844, 0.0, -0.008694685970893611], "shape": [4, 3], "start_day": "20200726", "num_days": 32}