{"transform": [-108.56932388383763, 0.010370038178356496, 0.0, 33.38470885806267, 0.0, -0.008706203741681132], "shape": [15, 15], "start_day": "20200627", "num_days": 26}