{"transform": [-108.74042951378051, 0.010370038178356496, 0.0, 33.52836121980041, 0.0, -0.008706203741681132], "shape": [48, 48], "start_day": "20200627", "num_days": 26}