{"transform": [-119.40501627143787, 0.01229152913930825, 0.0, 45.361755936683586, 0.0, -0.008688521096201345], "shape": [35, 35], "start_day": "20200728", "num_days": 4}