{"transform": [-119.19606027606963, 0.01229152913930825, 0.0, 45.21839533859627, 0.0, -0.008688521096201345], "shape": [2, 1], "start_day": "20200728", "num_days": 4}