{"transform": [-108.28454833863962, 0.010929114279314605, 0.0, 37.5667967972935, 0.0, -0.00870008058687874], "shape": [1, 1], "start_day": "20200613", "num_days": 7}