{"transform": [-108.46487872424831, 0.010929114279314605, 0.0, 37.710348126976996, 0.0, -0.00870008058687874], "shape": [34, 34], "start_day": "20200613", "num_days": 7}