{"transform": [-164.2761419353552, 0.017830992855259124, 0.0, 60.98174654692348, 0.0, -0.008665691423422398], "shape": [2, 2], "start_day": "20200607", "num_days": 4}