{"transform": [-122.9333078368121, 0.011267004312110732, 0.0, 39.76056537860484, 0.0, -0.00869681660481124], "shape": [2, 2], "start_day": "20200224", "num_days": 6}