{"transform": [-123.11921340796192, 0.011267004312110732, 0.0, 39.904062852584225, 0.0, -0.00869681660481124], "shape": [35, 35], "start_day": "20200224", "num_days": 6}