{"transform": [-111.19733818573788, 0.010522260127880378, 0.0, 34.722295334797444, 0.0, -0.008704438766521832], "shape": [36, 35], "start_day": "20200730", "num_days": 4}