{"transform": [-111.02372089362785, 0.010522260127880378, 0.0, 34.57431987576657, 0.0, -0.008704438766521832], "shape": [2, 2], "start_day": "20200730", "num_days": 4}