{"transform": [-92.81594888593875, 0.010114084329932138, 0.0, 31.185311223303216, 0.0, -0.008709354560180963], "shape": [35, 36], "start_day": "20200311", "num_days": 3}