{"transform": [-92.6440094523299, 0.010114084329932138, 0.0, 31.041606873060232, 0.0, -0.008709354560180963], "shape": [2, 2], "start_day": "20200311", "num_days": 3}