{"transform": [-119.49110785942115, 0.010830390134509453, 0.0, 37.02730970909756, 0.0, -0.008701092805571749], "shape": [35, 36], "start_day": "20200612", "num_days": 3}