{"transform": [-119.31240642220173, 0.010830390134509453, 0.0, 36.883741677805624, 0.0, -0.008701092805571749], "shape": [2, 3], "start_day": "20200612", "num_days": 3}