{"transform": [-156.44220226997373, 0.0189282364737611, 0.0, 62.807283237505324, 0.0, -0.008663370010548892], "shape": [1, 2], "start_day": "20200530", "num_days": 3}