{"transform": [-113.6878961784259, 0.012847901509509757, 0.0, 47.7867769107434, 0.0, -0.0086848283746305], "shape": [36, 37], "start_day": "20200814", "num_days": 37}