{"transform": [-113.47590580351898, 0.012847901509509757, 0.0, 47.643477242562, 0.0, -0.0086848283746305], "shape": [3, 4], "start_day": "20200814", "num_days": 37}