{"transform": [-111.76787650465857, 0.010403211982929789, 0.0, 33.75432873686491, 0.0, -0.008705812436936904], "shape": [36, 40], "start_day": "20200809", "num_days": 3}