{"transform": [-111.59102190094876, 0.010403211982929789, 0.0, 33.61068283165546, 0.0, -0.008705812436936904], "shape": [3, 6], "start_day": "20200809", "num_days": 3}