{"transform": [-115.37460317926899, 0.010602236487167994, 0.0, 35.351844282546445, 0.0, -0.008703542002507201], "shape": [37, 36], "start_day": "20200621", "num_days": 3}