{"transform": [-115.19966627723072, 0.010602236487167994, 0.0, 35.203884068503825, 0.0, -0.008703542002507201], "shape": [3, 3], "start_day": "20200621", "num_days": 3}