{"transform": [-112.24620692240758, 0.01044623087655363, 0.0, 34.12689315475069, 0.0, -0.008705310587532563], "shape": [40, 42], "start_day": "20200619", "num_days": 4}