{"transform": [-112.07384411294446, 0.01044623087655363, 0.0, 33.97890287476263, 0.0, -0.008705310587532563], "shape": [6, 9], "start_day": "20200619", "num_days": 4}