{"transform": [-116.72892169833428, 0.010436025629843986, 0.0, 33.903917519796686, 0.0, -0.008705429074159799], "shape": [8, 9], "start_day": "20200917", "num_days": 4}