{"transform": [-116.9011161212267, 0.010436025629843986, 0.0, 34.04755709952032, 0.0, -0.008705429074159799], "shape": [41, 42], "start_day": "20200917", "num_days": 4}