{"transform": [-161.74931217637118, 0.01848685237121228, 0.0, 62.11838065282771, 0.0, -0.008664254131063916], "shape": [5, 2], "start_day": "20200531", "num_days": 3}