{"transform": [-87.38305111659568, 0.010316192595722341, 0.0, 32.872567975001, 0.0, -0.008706847000642184], "shape": [3, 2], "start_day": "20201120", "num_days": 3}