{"transform": [-87.5532682944251, 0.010316192595722341, 0.0, 33.01623095051159, 0.0, -0.008706847000642184], "shape": [36, 35], "start_day": "20201120", "num_days": 3}