{"transform": [-123.78342360167434, 0.011641735555921922, 0.0, 42.115360785603684, 0.0, -0.008693525981564799], "shape": [43, 42], "start_day": "20200907", "num_days": 61}