{"transform": [-123.97551223834706, 0.011641735555921922, 0.0, 42.26315072729029, 0.0, -0.008693525981564799], "shape": [77, 75], "start_day": "20200907", "num_days": 61}