{"transform": [-106.45973027323726, 0.0113472082178145, 0.0, 40.52083277837533, 0.0, -0.00869608462693149], "shape": [65, 94], "start_day": "20201013", "num_days": 13}