{"transform": [-106.2725013376433, 0.0113472082178145, 0.0, 40.377347382030955, 0.0, -0.00869608462693149], "shape": [32, 61], "start_day": "20201013", "num_days": 13}