{"transform": [-106.09912329356165, 0.011411540105451696, 0.0, 40.924243730897246, 0.0, -0.008695508697062367], "shape": [70, 96], "start_day": "20200812", "num_days": 75}