{"transform": [-105.90512711176896, 0.011411540105451696, 0.0, 40.78076783739572, 0.0, -0.008695508697062367], "shape": [37, 62], "start_day": "20200812", "num_days": 75}