{"transform": [-161.3846189411422, 0.023111308142227126, 0.0, 68.03561087115703, 0.0, -0.008657350104637805], "shape": [3, 2], "start_day": "20200604", "num_days": 3}