{"transform": [-104.74923120109425, 0.010972669033958939, 0.0, 38.010666028983835, 0.0, -0.00869964274192993], "shape": [35, 35], "start_day": "20200604", "num_days": 3}