{"transform": [-104.56818216203392, 0.010972669033958939, 0.0, 37.86712192374199, 0.0, -0.00869964274192993], "shape": [2, 2], "start_day": "20200604", "num_days": 3}