{"transform": [-118.66129178924972, 0.01053743802628797, 0.0, 34.75539736546685, 0.0, -0.008704266995853133], "shape": [16, 19], "start_day": "20200812", "num_days": 20}