{"transform": [-118.8404282356966, 0.01053743802628797, 0.0, 34.899017770898425, 0.0, -0.008704266995853133], "shape": [49, 53], "start_day": "20200812", "num_days": 20}