{"transform": [-116.00025691741337, 0.012029593966481027, 0.0, 44.10525962029635, 0.0, -0.008690440645503941], "shape": [35, 35], "start_day": "20200728", "num_days": 4}