{"transform": [-115.80176861696643, 0.012029593966481027, 0.0, 43.95752212932279, 0.0, -0.008690440645503941], "shape": [1, 2], "start_day": "20200728", "num_days": 4}