{"transform": [-111.61916068993075, 0.01015736470688401, 0.0, 31.603762805815062, 0.0, -0.00870880485868548], "shape": [38, 38], "start_day": "20200706", "num_days": 3}