{"transform": [-111.45156417226717, 0.01015736470688401, 0.0, 31.455713123217407, 0.0, -0.00870880485868548], "shape": [4, 5], "start_day": "20200706", "num_days": 3}