{"transform": [-84.48609618250174, 0.01002311800118664, 0.0, 30.166068582617658, 0.0, -0.008710533411727017], "shape": [3, 3], "start_day": "20200816", "num_days": 3}