{"transform": [-84.65147762952132, 0.01002311800118664, 0.0, 30.309792383911155, 0.0, -0.008710533411727017], "shape": [36, 36], "start_day": "20200816", "num_days": 3}