{"transform": [-117.92173894656139, 0.012507998614523808, 0.0, 46.349720374737934, 0.0, -0.00868702539123654], "shape": [37, 36], "start_day": "20200820", "num_days": 11}