{"transform": [-117.70910297011449, 0.012507998614523808, 0.0, 46.20638445578253, 0.0, -0.00868702539123654], "shape": [4, 2], "start_day": "20200820", "num_days": 11}