{"transform": [-111.81535786751434, 0.011290309504790432, 0.0, 39.94224462960387, 0.0, -0.008696602291599359], "shape": [11, 6], "start_day": "20200905", "num_days": 23}