{"transform": [-112.00164797434337, 0.011290309504790432, 0.0, 40.085738567415255, 0.0, -0.008696602291599359], "shape": [44, 39], "start_day": "20200905", "num_days": 23}