{"transform": [-151.95364796861966, 0.021085733309843674, 0.0, 65.80234245656948, 0.0, -0.008659818827778745], "shape": [5, 4], "start_day": "20200610", "num_days": 5}