{"transform": [-118.90118461590309, 0.010548295623034512, 0.0, 34.93230260217133, 0.0, -0.008704144576825747], "shape": [37, 35], "start_day": "20200727", "num_days": 3}