{"transform": [-118.72713773812302, 0.010548295623034512, 0.0, 34.78868421665371, 0.0, -0.008704144576825747], "shape": [4, 2], "start_day": "20200727", "num_days": 3}