{"transform": [-122.87182763836844, 0.01151793757897359, 0.0, 41.265929766414665, 0.0, -0.008694577404174873], "shape": [7, 3], "start_day": "20200913", "num_days": 12}