{"transform": [-123.06187360842151, 0.01151793757897359, 0.0, 41.40939029358355, 0.0, -0.008694577404174873], "shape": [40, 36], "start_day": "20200913", "num_days": 12}