{"transform": [-121.85678569123978, 0.010719360595611951, 0.0, 36.355754545538254, 0.0, -0.008702265016560292], "shape": [65, 73], "start_day": "20200818", "num_days": 46}