{"transform": [-121.67991624141219, 0.010719360595611951, 0.0, 36.21216717276501, 0.0, -0.008702265016560292], "shape": [32, 40], "start_day": "20200818", "num_days": 46}