{"transform": [-106.05743300930133, 0.010684826305335257, 0.0, 35.99086821888144, 0.0, -0.008702637144068173], "shape": [40, 38], "start_day": "20200817", "num_days": 24}