{"transform": [-105.8811333752633, 0.010684826305335257, 0.0, 35.84727470600431, 0.0, -0.008702637144068173], "shape": [7, 5], "start_day": "20200817", "num_days": 24}