{"transform": [-117.21503197665602, 0.011813701373465798, 0.0, 43.02169142702063, 0.0, -0.008692120283106789], "shape": [39, 41], "start_day": "20201029", "num_days": 3}