{"transform": [-117.01419905330711, 0.011813701373465798, 0.0, 42.878271442349366, 0.0, -0.008692120283106789], "shape": [6, 7], "start_day": "20201029", "num_days": 3}