{"transform": [-122.65593540748839, 0.011617026325608645, 0.0, 41.80511433170927, 0.0, -0.00869373313946925], "shape": [3, 3], "start_day": "20200718", "num_days": 4}