{"transform": [-122.85342485502373, 0.011617026325608645, 0.0, 41.94856092851051, 0.0, -0.00869373313946925], "shape": [36, 37], "start_day": "20200718", "num_days": 4}