{"transform": [-115.21311868722918, 0.012564010898813663, 0.0, 46.58635570854848, 0.0, -0.008686650974195782], "shape": [35, 35], "start_day": "20200904", "num_days": 16}