{"transform": [-114.99953050194935, 0.012564010898813663, 0.0, 46.43868264198716, 0.0, -0.008686650974195782], "shape": [1, 1], "start_day": "20200904", "num_days": 16}