{"transform": [-115.05286514220691, 0.011935279578754515, 0.0, 43.65369318420178, 0.0, -0.008691163135085568], "shape": [40, 37], "start_day": "20200805", "num_days": 8}