{"transform": [-114.84996538936808, 0.011935279578754515, 0.0, 43.505943410905324, 0.0, -0.008691163135085568], "shape": [6, 3], "start_day": "20200805", "num_days": 8}