{"transform": [-110.58473039652397, 0.010255475524004687, 0.0, 32.33235442131764, 0.0, -0.00870758463516061], "shape": [1, 2], "start_day": "20200906", "num_days": 3}