{"transform": [-110.75394574267004, 0.010255475524004687, 0.0, 32.48038336011537, 0.0, -0.00870758463516061], "shape": [35, 35], "start_day": "20200906", "num_days": 3}